[
  {
    "label": "docling-alliade-toc",
    "parser": "docling",
    "pdf_path": "data/alliade-habitat.pdf",
    "result_path": "data/results/docling_alliade-habitat_20251207_193234_docling-alliade-toc.json",
    "variant": "with-toc"
  },
  {
    "label": "docling-alliade-no-toc",
    "parser": "docling",
    "pdf_path": "data/alliade-habitat_no_toc.pdf",
    "result_path": "data/results/docling_alliade-habitat_no_toc_20251207_193842_docling-alliade-no-toc.json",
    "variant": "no-toc"
  },
  {
    "label": "sherpa-passthrough-alliade-toc",
    "parser": "llmsherpa",
    "pdf_path": "data/alliade-habitat.pdf",
    "result_path": "data/results/llmsherpa_alliade-habitat_20251207_193916_sherpa-passthrough-alliade-toc.json",
    "variant": "with-toc"
  },
  {
    "label": "sherpa-passthrough-alliade-no-toc",
    "parser": "llmsherpa",
    "pdf_path": "data/alliade-habitat_no_toc.pdf",
    "result_path": "data/results/llmsherpa_alliade-habitat_no_toc_20251207_193933_sherpa-passthrough-alliade-no-toc.json",
    "variant": "no-toc"
  }
]
