label,parser,variant,pdf_path,pdf_pages,covered_pages,coverage_ratio,unit_name,unit_count,avg_tokens,missing_pages,result_path
docling-alliade-toc,docling,with-toc,data\alliade-habitat.pdf,39,38,97.44%,chunks,136,278.9,4,data\results\docling_alliade-habitat_20251207_193234_docling-alliade-toc.json
docling-alliade-no-toc,docling,no-toc,data\alliade-habitat_no_toc.pdf,35,35,100.00%,chunks,132,253.9,none,data\results\docling_alliade-habitat_no_toc_20251207_193842_docling-alliade-no-toc.json
sherpa-passthrough-alliade-toc,llmsherpa,with-toc,data\alliade-habitat.pdf,39,39,100.00%,blocks,750,,none,data\results\llmsherpa_alliade-habitat_20251207_193916_sherpa-passthrough-alliade-toc.json
sherpa-passthrough-alliade-no-toc,llmsherpa,no-toc,data\alliade-habitat_no_toc.pdf,35,35,100.00%,blocks,629,,none,data\results\llmsherpa_alliade-habitat_no_toc_20251207_193933_sherpa-passthrough-alliade-no-toc.json
