timestamp,experiment,parser,parser_env,pdf_path,status,duration_seconds,chunk_count,execution_time,notes
2025-12-03T14:38:34.379668+00:00,baseline-docling-1500-vs-sherpa,llmsherpa,PRD,data/reseau ASF.pdf,,8.71,73,,Docling chunk=1500 | Sherpa default settings
2025-12-03T14:45:21.101877+00:00,baseline-docling-1500-vs-sherpa,docling,PRD,data/reseau ASF.pdf,Completed,397.21,240,387.3737063407898,Docling chunk=1500 | Sherpa default settings
2025-12-03T16:33:27.964162+00:00,baseline-docling-1500-vs-sherpa-passthrough,llmsherpa,PRD,data/reseau ASF.pdf,GatewayTimeout,244.00,0,,LLMSHERPA_TIMEOUT=480 passthrough; 504 error
2025-12-07T19:31:28.338902+00:00,docling-alliade-toc,docling,PRD,data/alliade-habitat.pdf,Completed,342.76,136,69.9382495880127,alliade baseline with toc
2025-12-07T19:32:34.260454+00:00,docling-alliade-toc,docling,PRD,data/alliade-habitat.pdf,Completed,281.96,136,64.28166604042053,alliade baseline with toc
2025-12-07T19:38:42.017236+00:00,docling-alliade-no-toc,docling,PRD,data/alliade-habitat_no_toc.pdf,Completed,362.44,132,62.90398192405701,alliade without toc
2025-12-07T19:39:16.710320+00:00,sherpa-passthrough-alliade-toc,llmsherpa,PRD,data/alliade-habitat.pdf,,13.70,0,,Sherpa passthrough alliade with toc
2025-12-07T19:39:33.235416+00:00,sherpa-passthrough-alliade-no-toc,llmsherpa,PRD,data/alliade-habitat_no_toc.pdf,,8.36,0,,Sherpa passthrough alliade without toc
2025-12-10T10:21:51.076584+00:00,baseline-docling-1500-vs-sherpa-passthrough,gpt5,azure,data/alliade-habitat_no_toc.pdf,completed,55.49,35,,Docling chunk=1500 | Sherpa passthrough settings
2025-12-10T10:56:56.365091+00:00,baseline-docling-1500-vs-sherpa-passthrough,docling,PRD,data/vinci-ccg-180.pdf,Completed,544.46,376,245.3106231689453,Docling chunk=1500 | Sherpa passthrough settings
2025-12-10T10:57:36.066208+00:00,baseline-docling-1500-vs-sherpa-passthrough,gpt5,azure,data/alliade-habitat_no_toc.pdf,completed,2128.24,35,,Docling chunk=1500 | Sherpa passthrough settings
2025-12-10T11:06:21.034711+00:00,baseline-docling-1500-vs-sherpa-passthrough,gpt5,azure,data/alliade-habitat_no_toc.pdf,completed,2041.53,35,,Docling chunk=1500 | Sherpa passthrough settings
2025-12-10T13:39:11.907587+00:00,baseline-docling-1500-vs-sherpa-passthrough,docling,PRD,data/vinci-ccg-180_no_toc.pdf ,Error during the process,132.43,0,,Docling chunk=1500 | Sherpa passthrough settings
2025-12-10T13:43:51.849023+00:00,baseline-docling-1500-vs-sherpa-passthrough,docling,PRD,data/vinci-ccg-180_no_toc.pdf ,Error during the process,272.78,0,,Docling chunk=1500 | Sherpa passthrough settings
2025-12-10T13:58:39.882929+00:00,baseline-docling-1500-vs-sherpa-passthrough,docling,PRD,data/alliade-habitat_no_toc.pdf ,Error during the process,362.39,0,,Docling chunk=1500 | Sherpa passthrough settings
2025-12-10T13:59:14.924457+00:00,baseline-docling-1500-vs-sherpa-passthrough,llmsherpa,PRD,data/alliade-habitat_no_toc.pdf ,,13.55,0,,Docling chunk=1500 | Sherpa passthrough settings
2025-12-10T14:07:39.313142+00:00,baseline-docling-1500-vs-sherpa-passthrough,docling,PRD,data/alliade-habitat_no_toc.pdf ,Error during the process,281.91,0,,Docling chunk=1500 | Sherpa passthrough settings
{  "task_id": "96e2e25a-4104-4718-91d2-f0b4a3f9282f",  "blobing_status": "COMPLETED",  "blobing_error": null,  "blobing_error_traceback": null,  "chunking_status": "ERROR",  "chunking_error": "Error while parsing with docling for file '96e2e25a-4104-4718-91d2-f0b4a3f9282f/alliade-habitat_no_toc.pdf ': 'pdf ' is not a valid InputFormat",  "chunking_error_traceback": "Traceback (most recent call last):\n  File \"/home/patrick/model/order_management/docling_daughter.py\", line 134, in handle_order\n    result_of_parsing = docling_processor.process(file_path, settings)\n                        ^^^^^^^^^^^^^^^^^^^^^^^^^^^^^^^^^^^^^^^^^^^^^^\n  File \"/home/patrick/model/docling/processor.py\", line 351, in process\n    self._load_settings(settings, file_path)\n  File \"/home/patrick/model/docling/processor.py\", line 116, in _load_settings\n    self.file_type = InputFormat(Path(file_path).suffix.lstrip(\".\"))\n                     ^^^^^^^^^^^^^^^^^^^^^^^^^^^^^^^^^^^^^^^^^^^^^^^\n  File \"/usr/local/lib/python3.11/enum.py\", line 714, in __call__\n    return cls.__new__(cls, value)\n           ^^^^^^^^^^^^^^^^^^^^^^^\n  File \"/usr/local/lib/python3.11/enum.py\", line 1137, in __new__\n    raise ve_exc\nValueError: 'pdf ' is not a valid InputFormat\n",  "created_at": "2025-12-10 14:02:58.089751+00:00",  "last_dequeued_at": "2025-12-10 14:07:37.666320+00:00",  "last_updated_at": "2025-12-10 14:07:38.927261+00:00",  "doc_extension": "pdf ",  "doc_size": 940702 }
 2025-12-10T14:37:24.576247+00:00,decision-parser-sprint,docling,PRD,data/alliade-habitat_no_toc.pdf,Completed,352.38,132,63.96544623374939,Docling vs Sherpa clause reruns (alliade/vinci)
2025-12-10T14:38:21.383357+00:00,decision-parser-sprint,docling,PRD,data/alliade-habitat_no_toc.pdf,Completed,281.83,132,59.59528207778931,Docling vs Sherpa clause reruns (alliade/vinci)
2025-12-10T14:39:20.534887+00:00,decision-parser-sprint,docling,PRD,data/alliade-habitat_no_toc.pdf,Completed,91.17,132,58.83079767227173,Docling vs Sherpa clause reruns (alliade/vinci)
2025-12-10T14:40:28.358439+00:00,decision-parser-sprint,docling,PRD,data/alliade-habitat_no_toc.pdf,Completed,151.14,132,60.34675931930542,Docling vs Sherpa clause reruns (alliade/vinci)
2025-12-10T14:44:18.461707+00:00,decision-parser-sprint,docling,PRD,data/vinci-ccg-180_no_toc.pdf,Completed,283.22,366,228.51363587379456,Docling vs Sherpa clause reruns (alliade/vinci)
2025-12-10T14:58:38.570598+00:00,decision-parser-sprint,llmsherpa,PRD,data/alliade-habitat_no_toc.pdf,,8.69,0,,Docling vs Sherpa clause reruns (alliade/vinci)
2025-12-10T14:59:25.630628+00:00,decision-parser-sprint,llmsherpa,PRD,data/vinci-ccg-180_no_toc.pdf,,28.60,0,,Docling vs Sherpa clause reruns (alliade/vinci)
