[
  {
    "label": "decision-docling-alliade",
    "parser": "docling",
    "variant": "alliade-no-toc",
    "pdf_path": "data/alliade-habitat_no_toc.pdf",
    "result_path": "data/results/decision-parser-sprint/docling/alliade/docling_alliade-habitat_no_toc_20251210_143920_decision-parser-sprint.json"
  },
  {
    "label": "decision-sherpa-alliade",
    "parser": "llmsherpa",
    "variant": "alliade-no-toc",
    "pdf_path": "data/alliade-habitat_no_toc.pdf",
    "result_path": "data/results/decision-parser-sprint/sherpa_passthrough/alliade/llmsherpa_alliade-habitat_no_toc_20251210_145838_decision-parser-sprint.json"
  },
  {
    "label": "decision-docling-vinci",
    "parser": "docling",
    "variant": "vinci-no-toc",
    "pdf_path": "data/vinci-ccg-180_no_toc.pdf",
    "result_path": "data/results/decision-parser-sprint/docling/vinci-ccg-180/docling_vinci-ccg-180_no_toc_20251210_144418_decision-parser-sprint.json"
  },
  {
    "label": "decision-sherpa-vinci",
    "parser": "llmsherpa",
    "variant": "vinci-no-toc",
    "pdf_path": "data/vinci-ccg-180_no_toc.pdf",
    "result_path": "data/results/decision-parser-sprint/sherpa_passthrough/vinci-ccg-180/llmsherpa_vinci-ccg-180_no_toc_20251210_145925_decision-parser-sprint.json"
  }
]
