label,parser,variant,pdf_path,pdf_pages,covered_pages,coverage_ratio,unit_name,unit_count,avg_tokens,missing_pages,result_path
decision-docling-alliade,docling,alliade-no-toc,data\alliade-habitat_no_toc.pdf,35,35,100.00%,chunks,132,253.9,none,data\results\decision-parser-sprint\docling\alliade\docling_alliade-habitat_no_toc_20251210_143920_decision-parser-sprint.json
decision-sherpa-alliade,llmsherpa,alliade-no-toc,data\alliade-habitat_no_toc.pdf,35,35,100.00%,blocks,629,,none,data\results\decision-parser-sprint\sherpa_passthrough\alliade\llmsherpa_alliade-habitat_no_toc_20251210_145838_decision-parser-sprint.json
decision-docling-vinci,docling,vinci-no-toc,data\vinci-ccg-180_no_toc.pdf,175,156,89.14%,chunks,366,347.8,12;18;33;42;45;56;70;96;106;130;136;144;151;152;153;154;155;156;166,data\results\decision-parser-sprint\docling\vinci-ccg-180\docling_vinci-ccg-180_no_toc_20251210_144418_decision-parser-sprint.json
decision-sherpa-vinci,llmsherpa,vinci-no-toc,data\vinci-ccg-180_no_toc.pdf,175,136,77.71%,blocks,1636,,116;117;118;119;120;121;122;123;124;125;126;127;128;130;137;139;141;143;146;147;148;151;152;153;154;156;157;158;159;160;161;162;163;164;165;170;171;172;173,data\results\decision-parser-sprint\sherpa_passthrough\vinci-ccg-180\llmsherpa_vinci-ccg-180_no_toc_20251210_145925_decision-parser-sprint.json
